,"('Reasoning', 'cot')","('Reasoning', 'examples')","('Reasoning', 'zero-shot')","('Reasoning', 'cot_examples')","('Hiring Priorities', 'cot')","('Hiring Priorities', 'examples')","('Hiring Priorities', 'zero-shot')","('Hiring Priorities', 'cot_examples')"
gpt-4.1-mini,0.8662171996219659,0.8889550168228173,0.8419006743656663,,0.48070294081981113,0.25484501848480284,0.36418523184143886,
gpt-5,,0.08392034464956533,0.1332364090557898,0.02899440492657613,,-0.5939865693034285,-0.6352603054208926,-0.4593652032509767
us.anthropic.claude-sonnet-4-20250514-v1:0,0.23007390887243098,0.11898484298240646,-0.012330625007706791,,-0.46124967336809525,-0.5675589864796858,-0.552630225679305,
